,index,Subject,Experiment number, Experiment Activity, Experiment Type,Channels number,Channels lenght,Non-zero lenght
0,0,S001,03,Left Right,Real,64,20000,19920
1,0,S001,04,Left Right,Imaginary,64,20000,19920
2,0,S001,05,Top Down,Real,64,20000,19920
3,0,S001,06,Top Down,Imaginary,64,20000,19917
4,0,S001,07,Left Right,Real,64,20000,19920
5,0,S001,08,Left Right,Imaginary,64,20000,19916
6,0,S001,09,Top Down,Real,64,20000,19920
7,0,S001,10,Top Down,Imaginary,64,20000,19920
8,0,S001,11,Left Right,Real,64,20000,19919
9,0,S001,12,Left Right,Imaginary,64,20000,19919
10,0,S001,13,Top Down,Real,64,20000,19920
11,0,S001,14,Top Down,Imaginary,64,20000,19920
12,0,S002,03,Left Right,Real,64,19680,19675
13,0,S002,04,Left Right,Imaginary,64,19680,19680
14,0,S002,05,Top Down,Real,64,19680,19680
15,0,S002,06,Top Down,Imaginary,64,19680,19680
16,0,S002,07,Left Right,Real,64,19680,19676
17,0,S002,08,Left Right,Imaginary,64,19680,19680
18,0,S002,09,Top Down,Real,64,19680,19679
19,0,S002,10,Top Down,Imaginary,64,19680,19680
20,0,S002,11,Left Right,Real,64,19680,19680
21,0,S002,12,Left Right,Imaginary,64,19680,19680
22,0,S002,13,Top Down,Real,64,19680,19680
23,0,S002,14,Top Down,Imaginary,64,19680,19680
24,0,S003,03,Left Right,Real,64,20000,19920
25,0,S003,04,Left Right,Imaginary,64,20000,19920
26,0,S003,05,Top Down,Real,64,20000,19920
27,0,S003,06,Top Down,Imaginary,64,20000,19920
28,0,S003,07,Left Right,Real,64,20000,19920
29,0,S003,08,Left Right,Imaginary,64,20000,19920
30,0,S003,09,Top Down,Real,64,20000,19920
31,0,S003,10,Top Down,Imaginary,64,20000,19920
32,0,S003,11,Left Right,Real,64,20000,19920
33,0,S003,12,Left Right,Imaginary,64,20000,19920
34,0,S003,13,Top Down,Real,64,20000,19920
35,0,S003,14,Top Down,Imaginary,64,20000,19920
36,0,S004,03,Left Right,Real,64,19680,19679
37,0,S004,04,Left Right,Imaginary,64,19680,19679
38,0,S004,05,Top Down,Real,64,19680,19680
39,0,S004,06,Top Down,Imaginary,64,19680,19680
40,0,S004,07,Left Right,Real,64,19680,19680
41,0,S004,08,Left Right,Imaginary,64,19680,19680
42,0,S004,09,Top Down,Real,64,19680,19680
43,0,S004,10,Top Down,Imaginary,64,19680,19680
44,0,S004,11,Left Right,Real,64,19680,19679
45,0,S004,12,Left Right,Imaginary,64,19680,19679
46,0,S004,13,Top Down,Real,64,19680,19680
47,0,S004,14,Top Down,Imaginary,64,19680,19680
48,0,S005,03,Left Right,Real,64,19680,19680
49,0,S005,04,Left Right,Imaginary,64,19680,19680
50,0,S005,05,Top Down,Real,64,19680,19680
51,0,S005,06,Top Down,Imaginary,64,19680,19680
52,0,S005,07,Left Right,Real,64,19680,19679
53,0,S005,08,Left Right,Imaginary,64,19680,19680
54,0,S005,09,Top Down,Real,64,19680,19680
55,0,S005,10,Top Down,Imaginary,64,19680,19680
56,0,S005,11,Left Right,Real,64,19680,19680
57,0,S005,12,Left Right,Imaginary,64,19680,19680
58,0,S005,13,Top Down,Real,64,19680,19680
59,0,S005,14,Top Down,Imaginary,64,19680,19680
60,0,S006,03,Left Right,Real,64,19680,19680
61,0,S006,04,Left Right,Imaginary,64,19680,19679
62,0,S006,05,Top Down,Real,64,19680,19677
63,0,S006,06,Top Down,Imaginary,64,19680,19680
64,0,S006,07,Left Right,Real,64,19680,19680
65,0,S006,08,Left Right,Imaginary,64,19680,19680
66,0,S006,09,Top Down,Real,64,19680,19679
67,0,S006,10,Top Down,Imaginary,64,19680,19678
68,0,S006,11,Left Right,Real,64,19680,19679
69,0,S006,12,Left Right,Imaginary,64,19680,19680
70,0,S006,13,Top Down,Real,64,19680,19680
71,0,S006,14,Top Down,Imaginary,64,19680,19680
72,0,S007,03,Left Right,Real,64,20000,19920
73,0,S007,04,Left Right,Imaginary,64,20000,19920
74,0,S007,05,Top Down,Real,64,20000,19920
75,0,S007,06,Top Down,Imaginary,64,20000,19920
76,0,S007,07,Left Right,Real,64,20000,19919
77,0,S007,08,Left Right,Imaginary,64,20000,19920
78,0,S007,09,Top Down,Real,64,20000,19920
79,0,S007,10,Top Down,Imaginary,64,20000,19920
80,0,S007,11,Left Right,Real,64,20000,19920
81,0,S007,12,Left Right,Imaginary,64,20000,19916
82,0,S007,13,Top Down,Real,64,20000,19920
83,0,S007,14,Top Down,Imaginary,64,20000,19920
84,0,S008,03,Left Right,Real,64,19680,19680
85,0,S008,04,Left Right,Imaginary,64,19680,19679
86,0,S008,05,Top Down,Real,64,19680,19680
87,0,S008,06,Top Down,Imaginary,64,19680,19680
88,0,S008,07,Left Right,Real,64,19680,19680
89,0,S008,08,Left Right,Imaginary,64,19680,19680
90,0,S008,09,Top Down,Real,64,19680,19680
91,0,S008,10,Top Down,Imaginary,64,19680,19680
92,0,S008,11,Left Right,Real,64,19680,19678
93,0,S008,12,Left Right,Imaginary,64,19680,19680
94,0,S008,13,Top Down,Real,64,19680,19679
95,0,S008,14,Top Down,Imaginary,64,19680,19679
96,0,S009,03,Left Right,Real,64,19680,19680
97,0,S009,04,Left Right,Imaginary,64,19680,19680
98,0,S009,05,Top Down,Real,64,19680,19680
99,0,S009,06,Top Down,Imaginary,64,19680,19680
100,0,S009,07,Left Right,Real,64,19680,19679
101,0,S009,08,Left Right,Imaginary,64,19680,19680
102,0,S009,09,Top Down,Real,64,19680,19680
103,0,S009,10,Top Down,Imaginary,64,19680,19680
104,0,S009,11,Left Right,Real,64,19680,19680
105,0,S009,12,Left Right,Imaginary,64,19680,19680
106,0,S009,13,Top Down,Real,64,19680,19680
107,0,S009,14,Top Down,Imaginary,64,19680,19680
108,0,S010,03,Left Right,Real,64,19680,19679
109,0,S010,04,Left Right,Imaginary,64,19680,19679
110,0,S010,05,Top Down,Real,64,19680,19680
111,0,S010,06,Top Down,Imaginary,64,19680,19680
112,0,S010,07,Left Right,Real,64,19680,19680
113,0,S010,08,Left Right,Imaginary,64,19680,19680
114,0,S010,09,Top Down,Real,64,19680,19680
115,0,S010,10,Top Down,Imaginary,64,19680,19680
116,0,S010,11,Left Right,Real,64,19680,19679
117,0,S010,12,Left Right,Imaginary,64,19680,19680
118,0,S010,13,Top Down,Real,64,19680,19680
119,0,S010,14,Top Down,Imaginary,64,19680,19680
120,0,S011,03,Left Right,Real,64,19680,19676
121,0,S011,04,Left Right,Imaginary,64,19680,19680
122,0,S011,05,Top Down,Real,64,19680,19680
123,0,S011,06,Top Down,Imaginary,64,19680,19680
124,0,S011,07,Left Right,Real,64,19680,19680
125,0,S011,08,Left Right,Imaginary,64,19680,19679
126,0,S011,09,Top Down,Real,64,19680,19680
127,0,S011,10,Top Down,Imaginary,64,19680,19679
128,0,S011,11,Left Right,Real,64,19680,19680
129,0,S011,12,Left Right,Imaginary,64,19680,19680
130,0,S011,13,Top Down,Real,64,19680,19680
131,0,S011,14,Top Down,Imaginary,64,19680,19680
132,0,S012,03,Left Right,Real,64,19680,19679
133,0,S012,04,Left Right,Imaginary,64,19680,19680
134,0,S012,05,Top Down,Real,64,19680,19679
135,0,S012,06,Top Down,Imaginary,64,19680,19679
136,0,S012,07,Left Right,Real,64,19680,19678
137,0,S012,08,Left Right,Imaginary,64,19680,19680
138,0,S012,09,Top Down,Real,64,19680,19680
139,0,S012,10,Top Down,Imaginary,64,19680,19680
140,0,S012,11,Left Right,Real,64,19680,19680
141,0,S012,12,Left Right,Imaginary,64,19680,19680
142,0,S012,13,Top Down,Real,64,19680,19680
143,0,S012,14,Top Down,Imaginary,64,19680,19677
144,0,S013,03,Left Right,Real,64,19680,19680
145,0,S013,04,Left Right,Imaginary,64,19680,19680
146,0,S013,05,Top Down,Real,64,19680,19680
147,0,S013,06,Top Down,Imaginary,64,19680,19679
148,0,S013,07,Left Right,Real,64,19680,19680
149,0,S013,08,Left Right,Imaginary,64,19680,19680
150,0,S013,09,Top Down,Real,64,19680,19680
151,0,S013,10,Top Down,Imaginary,64,19680,19680
152,0,S013,11,Left Right,Real,64,19680,19680
153,0,S013,12,Left Right,Imaginary,64,19680,19680
154,0,S013,13,Top Down,Real,64,19680,19680
155,0,S013,14,Top Down,Imaginary,64,19680,19680
156,0,S014,03,Left Right,Real,64,19680,19678
157,0,S014,04,Left Right,Imaginary,64,19680,19678
158,0,S014,05,Top Down,Real,64,19680,19680
159,0,S014,06,Top Down,Imaginary,64,19680,19678
160,0,S014,07,Left Right,Real,64,19680,19680
161,0,S014,08,Left Right,Imaginary,64,19680,19680
162,0,S014,09,Top Down,Real,64,19680,19680
163,0,S014,10,Top Down,Imaginary,64,19680,19680
164,0,S014,11,Left Right,Real,64,19680,19680
165,0,S014,12,Left Right,Imaginary,64,19680,19680
166,0,S014,13,Top Down,Real,64,19680,19678
167,0,S014,14,Top Down,Imaginary,64,19680,19680
168,0,S015,03,Left Right,Real,64,19680,19679
169,0,S015,04,Left Right,Imaginary,64,19680,19680
170,0,S015,05,Top Down,Real,64,19680,19680
171,0,S015,06,Top Down,Imaginary,64,19680,19680
172,0,S015,07,Left Right,Real,64,19680,19680
173,0,S015,08,Left Right,Imaginary,64,19680,19680
174,0,S015,09,Top Down,Real,64,19680,19676
175,0,S015,10,Top Down,Imaginary,64,19680,19679
176,0,S015,11,Left Right,Real,64,19680,19679
177,0,S015,12,Left Right,Imaginary,64,19680,19680
178,0,S015,13,Top Down,Real,64,19680,19680
179,0,S015,14,Top Down,Imaginary,64,19680,19676
180,0,S016,03,Left Right,Real,64,19680,19680
181,0,S016,04,Left Right,Imaginary,64,19680,19680
182,0,S016,05,Top Down,Real,64,19680,19680
183,0,S016,06,Top Down,Imaginary,64,19680,19679
184,0,S016,07,Left Right,Real,64,19680,19680
185,0,S016,08,Left Right,Imaginary,64,19680,19680
186,0,S016,09,Top Down,Real,64,19680,19677
187,0,S016,10,Top Down,Imaginary,64,19680,19680
188,0,S016,11,Left Right,Real,64,19680,19680
189,0,S016,12,Left Right,Imaginary,64,19680,19680
190,0,S016,13,Top Down,Real,64,19680,19680
191,0,S016,14,Top Down,Imaginary,64,19680,19678
192,0,S017,03,Left Right,Real,64,19680,19680
193,0,S017,04,Left Right,Imaginary,64,19680,19680
194,0,S017,05,Top Down,Real,64,19680,19680
195,0,S017,06,Top Down,Imaginary,64,19680,19678
196,0,S017,07,Left Right,Real,64,19680,19680
197,0,S017,08,Left Right,Imaginary,64,19680,19680
198,0,S017,09,Top Down,Real,64,19680,19680
199,0,S017,10,Top Down,Imaginary,64,19680,19680
200,0,S017,11,Left Right,Real,64,19680,19680
201,0,S017,12,Left Right,Imaginary,64,19680,19680
202,0,S017,13,Top Down,Real,64,19680,19680
203,0,S017,14,Top Down,Imaginary,64,19680,19680
204,0,S018,03,Left Right,Real,64,19680,19680
205,0,S018,04,Left Right,Imaginary,64,19680,19667
206,0,S018,05,Top Down,Real,64,19680,19680
207,0,S018,06,Top Down,Imaginary,64,19680,19676
208,0,S018,07,Left Right,Real,64,19680,19676
209,0,S018,08,Left Right,Imaginary,64,19680,19680
210,0,S018,09,Top Down,Real,64,19680,19680
211,0,S018,10,Top Down,Imaginary,64,19680,19680
212,0,S018,11,Left Right,Real,64,19680,19672
213,0,S018,12,Left Right,Imaginary,64,19680,19677
214,0,S018,13,Top Down,Real,64,19680,19676
215,0,S018,14,Top Down,Imaginary,64,19680,19657
216,0,S019,03,Left Right,Real,64,19680,19680
217,0,S019,04,Left Right,Imaginary,64,19680,19680
218,0,S019,05,Top Down,Real,64,19680,19678
219,0,S019,06,Top Down,Imaginary,64,19680,19680
220,0,S019,07,Left Right,Real,64,19680,19680
221,0,S019,08,Left Right,Imaginary,64,19680,19680
222,0,S019,09,Top Down,Real,64,19680,19680
223,0,S019,10,Top Down,Imaginary,64,19680,19680
224,0,S019,11,Left Right,Real,64,19680,19679
225,0,S019,12,Left Right,Imaginary,64,19680,19680
226,0,S019,13,Top Down,Real,64,19680,19680
227,0,S019,14,Top Down,Imaginary,64,19680,19680
228,0,S020,03,Left Right,Real,64,19680,19680
229,0,S020,04,Left Right,Imaginary,64,19680,19679
230,0,S020,05,Top Down,Real,64,19680,19673
231,0,S020,06,Top Down,Imaginary,64,19680,19673
232,0,S020,07,Left Right,Real,64,19680,19675
233,0,S020,08,Left Right,Imaginary,64,19680,19680
234,0,S020,09,Top Down,Real,64,19680,19676
235,0,S020,10,Top Down,Imaginary,64,19680,19679
236,0,S020,11,Left Right,Real,64,19680,19680
237,0,S020,12,Left Right,Imaginary,64,19680,19679
238,0,S020,13,Top Down,Real,64,19680,19678
239,0,S020,14,Top Down,Imaginary,64,19680,19679
240,0,S021,03,Left Right,Real,64,20000,19920
241,0,S021,04,Left Right,Imaginary,64,20000,19915
242,0,S021,05,Top Down,Real,64,20000,19916
243,0,S021,06,Top Down,Imaginary,64,20000,19918
244,0,S021,07,Left Right,Real,64,20000,19920
245,0,S021,08,Left Right,Imaginary,64,20000,19919
246,0,S021,09,Top Down,Real,64,20000,19919
247,0,S021,10,Top Down,Imaginary,64,20000,19919
248,0,S021,11,Left Right,Real,64,20000,19919
249,0,S021,12,Left Right,Imaginary,64,20000,19920
250,0,S021,13,Top Down,Real,64,20000,19918
251,0,S021,14,Top Down,Imaginary,64,20000,19920
252,0,S022,03,Left Right,Real,64,20000,19920
253,0,S022,04,Left Right,Imaginary,64,20000,19920
254,0,S022,05,Top Down,Real,64,20000,19920
255,0,S022,06,Top Down,Imaginary,64,20000,19920
256,0,S022,07,Left Right,Real,64,20000,19920
257,0,S022,08,Left Right,Imaginary,64,20000,19920
258,0,S022,09,Top Down,Real,64,20000,19920
259,0,S022,10,Top Down,Imaginary,64,20000,19920
260,0,S022,11,Left Right,Real,64,20000,19920
261,0,S022,12,Left Right,Imaginary,64,20000,19919
262,0,S022,13,Top Down,Real,64,20000,19920
263,0,S022,14,Top Down,Imaginary,64,20000,19920
264,0,S023,03,Left Right,Real,64,19680,19680
265,0,S023,04,Left Right,Imaginary,64,19680,19680
266,0,S023,05,Top Down,Real,64,19680,19679
267,0,S023,06,Top Down,Imaginary,64,19680,19679
268,0,S023,07,Left Right,Real,64,19680,19680
269,0,S023,08,Left Right,Imaginary,64,19680,19680
270,0,S023,09,Top Down,Real,64,19680,19680
271,0,S023,10,Top Down,Imaginary,64,19680,19680
272,0,S023,11,Left Right,Real,64,19680,19680
273,0,S023,12,Left Right,Imaginary,64,19680,19680
274,0,S023,13,Top Down,Real,64,19680,19679
275,0,S023,14,Top Down,Imaginary,64,19680,19680
276,0,S024,03,Left Right,Real,64,19680,19680
277,0,S024,04,Left Right,Imaginary,64,19680,19680
278,0,S024,05,Top Down,Real,64,19680,19680
279,0,S024,06,Top Down,Imaginary,64,19680,19680
280,0,S024,07,Left Right,Real,64,19680,19680
281,0,S024,08,Left Right,Imaginary,64,19680,19679
282,0,S024,09,Top Down,Real,64,19680,19680
283,0,S024,10,Top Down,Imaginary,64,19680,19680
284,0,S024,11,Left Right,Real,64,19680,19680
285,0,S024,12,Left Right,Imaginary,64,19680,19679
286,0,S024,13,Top Down,Real,64,19680,19680
287,0,S024,14,Top Down,Imaginary,64,19680,19680
288,0,S025,03,Left Right,Real,64,19680,19680
289,0,S025,04,Left Right,Imaginary,64,19680,19673
290,0,S025,05,Top Down,Real,64,19680,19676
291,0,S025,06,Top Down,Imaginary,64,19680,19678
292,0,S025,07,Left Right,Real,64,19680,19679
293,0,S025,08,Left Right,Imaginary,64,19680,19679
294,0,S025,09,Top Down,Real,64,19680,19672
295,0,S025,10,Top Down,Imaginary,64,19680,19677
296,0,S025,11,Left Right,Real,64,19680,19678
297,0,S025,12,Left Right,Imaginary,64,19680,19680
298,0,S025,13,Top Down,Real,64,19680,19675
299,0,S025,14,Top Down,Imaginary,64,19680,19680
300,0,S026,03,Left Right,Real,64,19680,19680
301,0,S026,04,Left Right,Imaginary,64,19680,19672
302,0,S026,05,Top Down,Real,64,19680,19679
303,0,S026,06,Top Down,Imaginary,64,19680,19679
304,0,S026,07,Left Right,Real,64,19680,19675
305,0,S026,08,Left Right,Imaginary,64,19680,19679
306,0,S026,09,Top Down,Real,64,19680,19676
307,0,S026,10,Top Down,Imaginary,64,19680,19680
308,0,S026,11,Left Right,Real,64,19680,19679
309,0,S026,12,Left Right,Imaginary,64,19680,19679
310,0,S026,13,Top Down,Real,64,19680,19680
311,0,S026,14,Top Down,Imaginary,64,19680,19676
312,0,S027,03,Left Right,Real,64,19680,19679
313,0,S027,04,Left Right,Imaginary,64,19680,19680
314,0,S027,05,Top Down,Real,64,19680,19680
315,0,S027,06,Top Down,Imaginary,64,19680,19680
316,0,S027,07,Left Right,Real,64,19680,19680
317,0,S027,08,Left Right,Imaginary,64,19680,19680
318,0,S027,09,Top Down,Real,64,19680,19680
319,0,S027,10,Top Down,Imaginary,64,19680,19680
320,0,S027,11,Left Right,Real,64,19680,19680
321,0,S027,12,Left Right,Imaginary,64,19680,19680
322,0,S027,13,Top Down,Real,64,19680,19680
323,0,S027,14,Top Down,Imaginary,64,19680,19679
324,0,S028,03,Left Right,Real,64,19680,19680
325,0,S028,04,Left Right,Imaginary,64,19680,19680
326,0,S028,05,Top Down,Real,64,19680,19680
327,0,S028,06,Top Down,Imaginary,64,19680,19679
328,0,S028,07,Left Right,Real,64,19680,19680
329,0,S028,08,Left Right,Imaginary,64,19680,19680
330,0,S028,09,Top Down,Real,64,19680,19679
331,0,S028,10,Top Down,Imaginary,64,19680,19680
332,0,S028,11,Left Right,Real,64,19680,19680
333,0,S028,12,Left Right,Imaginary,64,19680,19680
334,0,S028,13,Top Down,Real,64,19680,19679
335,0,S028,14,Top Down,Imaginary,64,19680,19680
336,0,S029,03,Left Right,Real,64,19840,19696
337,0,S029,04,Left Right,Imaginary,64,19840,19686
338,0,S029,05,Top Down,Real,64,19840,19696
339,0,S029,06,Top Down,Imaginary,64,19840,19694
340,0,S029,07,Left Right,Real,64,19840,19695
341,0,S029,08,Left Right,Imaginary,64,19840,19696
342,0,S029,09,Top Down,Real,64,19840,19696
343,0,S029,10,Top Down,Imaginary,64,19840,19689
344,0,S029,11,Left Right,Real,64,19840,19696
345,0,S029,12,Left Right,Imaginary,64,19840,19695
346,0,S029,13,Top Down,Real,64,19840,19695
347,0,S029,14,Top Down,Imaginary,64,19840,19695
348,0,S030,03,Left Right,Real,64,19840,19696
349,0,S030,04,Left Right,Imaginary,64,19840,19694
350,0,S030,05,Top Down,Real,64,19840,19676
351,0,S030,06,Top Down,Imaginary,64,19840,19692
352,0,S030,07,Left Right,Real,64,19840,19696
353,0,S030,08,Left Right,Imaginary,64,19840,19696
354,0,S030,09,Top Down,Real,64,19840,19689
355,0,S030,10,Top Down,Imaginary,64,19840,19696
356,0,S030,11,Left Right,Real,64,19840,19694
357,0,S030,12,Left Right,Imaginary,64,19840,19695
358,0,S030,13,Top Down,Real,64,19840,19695
359,0,S030,14,Top Down,Imaginary,64,19840,19683
360,0,S031,03,Left Right,Real,64,19680,19679
361,0,S031,04,Left Right,Imaginary,64,19680,19680
362,0,S031,05,Top Down,Real,64,19680,19680
363,0,S031,06,Top Down,Imaginary,64,19680,19680
364,0,S031,07,Left Right,Real,64,19680,19680
365,0,S031,08,Left Right,Imaginary,64,19680,19680
366,0,S031,09,Top Down,Real,64,19680,19679
367,0,S031,10,Top Down,Imaginary,64,19680,19679
368,0,S031,11,Left Right,Real,64,19680,19679
369,0,S031,12,Left Right,Imaginary,64,19680,19680
370,0,S031,13,Top Down,Real,64,19680,19680
371,0,S031,14,Top Down,Imaginary,64,19680,19680
372,0,S032,03,Left Right,Real,64,20000,19920
373,0,S032,04,Left Right,Imaginary,64,20000,19920
374,0,S032,05,Top Down,Real,64,20000,19920
375,0,S032,06,Top Down,Imaginary,64,20000,19920
376,0,S032,07,Left Right,Real,64,20000,19920
377,0,S032,08,Left Right,Imaginary,64,20000,19919
378,0,S032,09,Top Down,Real,64,20000,19920
379,0,S032,10,Top Down,Imaginary,64,20000,19920
380,0,S032,11,Left Right,Real,64,20000,19920
381,0,S032,12,Left Right,Imaginary,64,20000,19920
382,0,S032,13,Top Down,Real,64,20000,19920
383,0,S032,14,Top Down,Imaginary,64,20000,19920
384,0,S033,03,Left Right,Real,64,19680,19680
385,0,S033,04,Left Right,Imaginary,64,19680,19676
386,0,S033,05,Top Down,Real,64,19680,19677
387,0,S033,06,Top Down,Imaginary,64,19680,19678
388,0,S033,07,Left Right,Real,64,19680,19680
389,0,S033,08,Left Right,Imaginary,64,19680,19675
390,0,S033,09,Top Down,Real,64,19680,19679
391,0,S033,10,Top Down,Imaginary,64,19680,19680
392,0,S033,11,Left Right,Real,64,19680,19679
393,0,S033,12,Left Right,Imaginary,64,19680,19680
394,0,S033,13,Top Down,Real,64,19680,19674
395,0,S033,14,Top Down,Imaginary,64,19680,19676
396,0,S034,03,Left Right,Real,64,19680,19679
397,0,S034,04,Left Right,Imaginary,64,19840,19696
398,0,S034,05,Top Down,Real,64,19680,19662
399,0,S034,06,Top Down,Imaginary,64,19680,19678
400,0,S034,07,Left Right,Real,64,19680,19651
401,0,S034,08,Left Right,Imaginary,64,19680,19680
402,0,S034,09,Top Down,Real,64,19680,19680
403,0,S034,10,Top Down,Imaginary,64,19680,19680
404,0,S034,11,Left Right,Real,64,19680,19680
405,0,S034,12,Left Right,Imaginary,64,19680,19677
406,0,S034,13,Top Down,Real,64,19680,19680
407,0,S034,14,Top Down,Imaginary,64,19680,19679
408,0,S035,03,Left Right,Real,64,20000,19920
409,0,S035,04,Left Right,Imaginary,64,20000,19920
410,0,S035,05,Top Down,Real,64,20000,19920
411,0,S035,06,Top Down,Imaginary,64,20000,19920
412,0,S035,07,Left Right,Real,64,20000,19920
413,0,S035,08,Left Right,Imaginary,64,20000,19919
414,0,S035,09,Top Down,Real,64,20000,19920
415,0,S035,10,Top Down,Imaginary,64,20000,19920
416,0,S035,11,Left Right,Real,64,20000,19919
417,0,S035,12,Left Right,Imaginary,64,20000,19920
418,0,S035,13,Top Down,Real,64,20000,19920
419,0,S035,14,Top Down,Imaginary,64,20000,19920
420,0,S036,03,Left Right,Real,64,19680,19679
421,0,S036,04,Left Right,Imaginary,64,19680,19680
422,0,S036,05,Top Down,Real,64,19680,19679
423,0,S036,06,Top Down,Imaginary,64,19680,19680
424,0,S036,07,Left Right,Real,64,19680,19680
425,0,S036,08,Left Right,Imaginary,64,19680,19680
426,0,S036,09,Top Down,Real,64,19680,19680
427,0,S036,10,Top Down,Imaginary,64,19680,19680
428,0,S036,11,Left Right,Real,64,19680,19680
429,0,S036,12,Left Right,Imaginary,64,19680,19679
430,0,S036,13,Top Down,Real,64,19680,19679
431,0,S036,14,Top Down,Imaginary,64,19680,19679
432,0,S037,03,Left Right,Real,64,19680,19657
433,0,S037,04,Left Right,Imaginary,64,19840,19691
434,0,S037,05,Top Down,Real,64,19680,19664
435,0,S037,06,Top Down,Imaginary,64,19680,19676
436,0,S037,07,Left Right,Real,64,19680,19676
437,0,S037,08,Left Right,Imaginary,64,19680,19679
438,0,S037,09,Top Down,Real,64,19680,19671
439,0,S037,10,Top Down,Imaginary,64,19680,19673
440,0,S037,11,Left Right,Real,64,19680,19669
441,0,S037,12,Left Right,Imaginary,64,19680,19675
442,0,S037,13,Top Down,Real,64,19680,19676
443,0,S037,14,Top Down,Imaginary,64,19680,19673
444,0,S038,03,Left Right,Real,64,19680,19680
445,0,S038,04,Left Right,Imaginary,64,19680,19680
446,0,S038,05,Top Down,Real,64,19680,19680
447,0,S038,06,Top Down,Imaginary,64,19680,19680
448,0,S038,07,Left Right,Real,64,19680,19680
449,0,S038,08,Left Right,Imaginary,64,19680,19680
450,0,S038,09,Top Down,Real,64,19680,19680
451,0,S038,10,Top Down,Imaginary,64,19680,19680
452,0,S038,11,Left Right,Real,64,19680,19680
453,0,S038,12,Left Right,Imaginary,64,19680,19680
454,0,S038,13,Top Down,Real,64,19680,19679
455,0,S038,14,Top Down,Imaginary,64,19680,19679
456,0,S039,03,Left Right,Real,64,19680,19680
457,0,S039,04,Left Right,Imaginary,64,19680,19680
458,0,S039,05,Top Down,Real,64,19680,19679
459,0,S039,06,Top Down,Imaginary,64,19680,19680
460,0,S039,07,Left Right,Real,64,19680,19680
461,0,S039,08,Left Right,Imaginary,64,19680,19680
462,0,S039,09,Top Down,Real,64,19680,19680
463,0,S039,10,Top Down,Imaginary,64,19680,19680
464,0,S039,11,Left Right,Real,64,19680,19680
465,0,S039,12,Left Right,Imaginary,64,19680,19680
466,0,S039,13,Top Down,Real,64,19680,19680
467,0,S039,14,Top Down,Imaginary,64,19680,19680
468,0,S040,03,Left Right,Real,64,19680,19679
469,0,S040,04,Left Right,Imaginary,64,19680,19680
470,0,S040,05,Top Down,Real,64,19680,19680
471,0,S040,06,Top Down,Imaginary,64,19680,19680
472,0,S040,07,Left Right,Real,64,19680,19680
473,0,S040,08,Left Right,Imaginary,64,19680,19680
474,0,S040,09,Top Down,Real,64,19680,19680
475,0,S040,10,Top Down,Imaginary,64,19680,19680
476,0,S040,11,Left Right,Real,64,19680,19679
477,0,S040,12,Left Right,Imaginary,64,19680,19680
478,0,S040,13,Top Down,Real,64,19680,19680
479,0,S040,14,Top Down,Imaginary,64,19680,19679
480,0,S041,03,Left Right,Real,64,19680,19679
481,0,S041,04,Left Right,Imaginary,64,19840,19684
482,0,S041,05,Top Down,Real,64,19680,19677
483,0,S041,06,Top Down,Imaginary,64,19680,19675
484,0,S041,07,Left Right,Real,64,19680,19677
485,0,S041,08,Left Right,Imaginary,64,19680,19679
486,0,S041,09,Top Down,Real,64,19680,19673
487,0,S041,10,Top Down,Imaginary,64,19840,19692
488,0,S041,11,Left Right,Real,64,19680,19680
489,0,S041,12,Left Right,Imaginary,64,19840,19693
490,0,S041,13,Top Down,Real,64,19680,19667
491,0,S041,14,Top Down,Imaginary,64,19840,19688
492,0,S042,03,Left Right,Real,64,19680,19680
493,0,S042,04,Left Right,Imaginary,64,19680,19680
494,0,S042,05,Top Down,Real,64,19680,19679
495,0,S042,06,Top Down,Imaginary,64,19680,19677
496,0,S042,07,Left Right,Real,64,19680,19679
497,0,S042,08,Left Right,Imaginary,64,19680,19679
498,0,S042,09,Top Down,Real,64,19680,19671
499,0,S042,10,Top Down,Imaginary,64,19680,19680
500,0,S042,11,Left Right,Real,64,19680,19678
501,0,S042,12,Left Right,Imaginary,64,19680,19675
502,0,S042,13,Top Down,Real,64,19680,19678
503,0,S042,14,Top Down,Imaginary,64,19680,19676
504,0,S043,03,Left Right,Real,64,19680,19680
505,0,S043,04,Left Right,Imaginary,64,19680,19680
506,0,S043,05,Top Down,Real,64,19680,19680
507,0,S043,06,Top Down,Imaginary,64,19680,19680
508,0,S043,07,Left Right,Real,64,19680,19680
509,0,S043,08,Left Right,Imaginary,64,19680,19680
510,0,S043,09,Top Down,Real,64,19680,19680
511,0,S043,10,Top Down,Imaginary,64,19680,19680
512,0,S043,11,Left Right,Real,64,19680,19680
513,0,S043,12,Left Right,Imaginary,64,19680,19680
514,0,S043,13,Top Down,Real,64,19680,19680
515,0,S043,14,Top Down,Imaginary,64,19680,19679
516,0,S044,03,Left Right,Real,64,19680,19680
517,0,S044,04,Left Right,Imaginary,64,19680,19680
518,0,S044,05,Top Down,Real,64,19680,19679
519,0,S044,06,Top Down,Imaginary,64,19680,19679
520,0,S044,07,Left Right,Real,64,19680,19680
521,0,S044,08,Left Right,Imaginary,64,19680,19680
522,0,S044,09,Top Down,Real,64,19680,19680
523,0,S044,10,Top Down,Imaginary,64,19680,19680
524,0,S044,11,Left Right,Real,64,19680,19680
525,0,S044,12,Left Right,Imaginary,64,19680,19680
526,0,S044,13,Top Down,Real,64,19680,19678
527,0,S044,14,Top Down,Imaginary,64,19680,19680
528,0,S045,03,Left Right,Real,64,19680,19680
529,0,S045,04,Left Right,Imaginary,64,19680,19679
530,0,S045,05,Top Down,Real,64,19680,19680
531,0,S045,06,Top Down,Imaginary,64,19680,19680
532,0,S045,07,Left Right,Real,64,19680,19680
533,0,S045,08,Left Right,Imaginary,64,19680,19680
534,0,S045,09,Top Down,Real,64,19680,19679
535,0,S045,10,Top Down,Imaginary,64,19680,19680
536,0,S045,11,Left Right,Real,64,19680,19680
537,0,S045,12,Left Right,Imaginary,64,19680,19680
538,0,S045,13,Top Down,Real,64,19680,19679
539,0,S045,14,Top Down,Imaginary,64,19680,19680
540,0,S046,03,Left Right,Real,64,20000,19919
541,0,S046,04,Left Right,Imaginary,64,20000,19919
542,0,S046,05,Top Down,Real,64,20000,19920
543,0,S046,06,Top Down,Imaginary,64,20000,19920
544,0,S046,07,Left Right,Real,64,20000,19920
545,0,S046,08,Left Right,Imaginary,64,20000,19920
546,0,S046,09,Top Down,Real,64,20000,19920
547,0,S046,10,Top Down,Imaginary,64,20000,19920
548,0,S046,11,Left Right,Real,64,20000,19920
549,0,S046,12,Left Right,Imaginary,64,20000,19920
550,0,S046,13,Top Down,Real,64,20000,19920
551,0,S046,14,Top Down,Imaginary,64,20000,19920
552,0,S047,03,Left Right,Real,64,19680,19679
553,0,S047,04,Left Right,Imaginary,64,19680,19680
554,0,S047,05,Top Down,Real,64,19680,19678
555,0,S047,06,Top Down,Imaginary,64,19680,19669
556,0,S047,07,Left Right,Real,64,19680,19674
557,0,S047,08,Left Right,Imaginary,64,19680,19680
558,0,S047,09,Top Down,Real,64,19680,19676
559,0,S047,10,Top Down,Imaginary,64,19680,19673
560,0,S047,11,Left Right,Real,64,19680,19666
561,0,S047,12,Left Right,Imaginary,64,19680,19680
562,0,S047,13,Top Down,Real,64,19680,19679
563,0,S047,14,Top Down,Imaginary,64,19680,19671
564,0,S048,03,Left Right,Real,64,19680,19680
565,0,S048,04,Left Right,Imaginary,64,19680,19680
566,0,S048,05,Top Down,Real,64,19680,19680
567,0,S048,06,Top Down,Imaginary,64,19680,19680
568,0,S048,07,Left Right,Real,64,19680,19680
569,0,S048,08,Left Right,Imaginary,64,19680,19680
570,0,S048,09,Top Down,Real,64,19680,19680
571,0,S048,10,Top Down,Imaginary,64,19680,19680
572,0,S048,11,Left Right,Real,64,19680,19680
573,0,S048,12,Left Right,Imaginary,64,19680,19680
574,0,S048,13,Top Down,Real,64,19680,19680
575,0,S048,14,Top Down,Imaginary,64,19680,19680
576,0,S049,03,Left Right,Real,64,19680,19680
577,0,S049,04,Left Right,Imaginary,64,19680,19680
578,0,S049,05,Top Down,Real,64,19680,19680
579,0,S049,06,Top Down,Imaginary,64,19680,19680
580,0,S049,07,Left Right,Real,64,19680,19679
581,0,S049,08,Left Right,Imaginary,64,19680,19680
582,0,S049,09,Top Down,Real,64,19680,19680
583,0,S049,10,Top Down,Imaginary,64,19680,19680
584,0,S049,11,Left Right,Real,64,19680,19679
585,0,S049,12,Left Right,Imaginary,64,19680,19680
586,0,S049,13,Top Down,Real,64,19680,19680
587,0,S049,14,Top Down,Imaginary,64,19680,19680
588,0,S050,03,Left Right,Real,64,19680,19680
589,0,S050,04,Left Right,Imaginary,64,19680,19679
590,0,S050,05,Top Down,Real,64,19680,19679
591,0,S050,06,Top Down,Imaginary,64,19680,19680
592,0,S050,07,Left Right,Real,64,19680,19679
593,0,S050,08,Left Right,Imaginary,64,19680,19679
594,0,S050,09,Top Down,Real,64,19680,19679
595,0,S050,10,Top Down,Imaginary,64,19680,19680
596,0,S050,11,Left Right,Real,64,19680,19680
597,0,S050,12,Left Right,Imaginary,64,19680,19680
598,0,S050,13,Top Down,Real,64,19680,19680
599,0,S050,14,Top Down,Imaginary,64,19680,19680
600,0,S051,03,Left Right,Real,64,19680,19637
601,0,S051,04,Left Right,Imaginary,64,19840,19612
602,0,S051,05,Top Down,Real,64,19680,19679
603,0,S051,06,Top Down,Imaginary,64,19840,19689
604,0,S051,07,Left Right,Real,64,19680,19679
605,0,S051,08,Left Right,Imaginary,64,19840,19696
606,0,S051,09,Top Down,Real,64,19680,19662
607,0,S051,10,Top Down,Imaginary,64,19840,19696
608,0,S051,11,Left Right,Real,64,19680,19672
609,0,S051,12,Left Right,Imaginary,64,19840,19695
610,0,S051,13,Top Down,Real,64,19680,19680
611,0,S051,14,Top Down,Imaginary,64,19840,19623
612,0,S052,03,Left Right,Real,64,19680,19680
613,0,S052,04,Left Right,Imaginary,64,19680,19680
614,0,S052,05,Top Down,Real,64,19680,19680
615,0,S052,06,Top Down,Imaginary,64,19680,19680
616,0,S052,07,Left Right,Real,64,19680,19680
617,0,S052,08,Left Right,Imaginary,64,19680,19680
618,0,S052,09,Top Down,Real,64,19680,19680
619,0,S052,10,Top Down,Imaginary,64,19680,19680
620,0,S052,11,Left Right,Real,64,19680,19680
621,0,S052,12,Left Right,Imaginary,64,19680,19680
622,0,S052,13,Top Down,Real,64,19680,19680
623,0,S052,14,Top Down,Imaginary,64,19680,19679
624,0,S053,03,Left Right,Real,64,19680,19680
625,0,S053,04,Left Right,Imaginary,64,19680,19679
626,0,S053,05,Top Down,Real,64,19680,19680
627,0,S053,06,Top Down,Imaginary,64,19680,19679
628,0,S053,07,Left Right,Real,64,19680,19680
629,0,S053,08,Left Right,Imaginary,64,19680,19680
630,0,S053,09,Top Down,Real,64,19680,19680
631,0,S053,10,Top Down,Imaginary,64,19680,19680
632,0,S053,11,Left Right,Real,64,19680,19678
633,0,S053,12,Left Right,Imaginary,64,19680,19680
634,0,S053,13,Top Down,Real,64,19680,19680
635,0,S053,14,Top Down,Imaginary,64,19680,19680
636,0,S054,03,Left Right,Real,64,19680,19680
637,0,S054,04,Left Right,Imaginary,64,19680,19680
638,0,S054,05,Top Down,Real,64,19680,19680
639,0,S054,06,Top Down,Imaginary,64,19680,19680
640,0,S054,07,Left Right,Real,64,19680,19680
641,0,S054,08,Left Right,Imaginary,64,19680,19680
642,0,S054,09,Top Down,Real,64,19680,19680
643,0,S054,10,Top Down,Imaginary,64,19680,19680
644,0,S054,11,Left Right,Real,64,19680,19680
645,0,S054,12,Left Right,Imaginary,64,19680,19680
646,0,S054,13,Top Down,Real,64,19680,19679
647,0,S054,14,Top Down,Imaginary,64,19680,19680
648,0,S055,03,Left Right,Real,64,19680,19680
649,0,S055,04,Left Right,Imaginary,64,19680,19660
650,0,S055,05,Top Down,Real,64,19680,19659
651,0,S055,06,Top Down,Imaginary,64,19680,19666
652,0,S055,07,Left Right,Real,64,19680,19680
653,0,S055,08,Left Right,Imaginary,64,19680,19647
654,0,S055,09,Top Down,Real,64,19680,19679
655,0,S055,10,Top Down,Imaginary,64,19680,19607
656,0,S055,11,Left Right,Real,64,19680,19679
657,0,S055,12,Left Right,Imaginary,64,19680,19675
658,0,S055,13,Top Down,Real,64,19680,19675
659,0,S055,14,Top Down,Imaginary,64,19680,19659
660,0,S056,03,Left Right,Real,64,19680,19680
661,0,S056,04,Left Right,Imaginary,64,19680,19680
662,0,S056,05,Top Down,Real,64,19680,19680
663,0,S056,06,Top Down,Imaginary,64,19680,19680
664,0,S056,07,Left Right,Real,64,19680,19679
665,0,S056,08,Left Right,Imaginary,64,19680,19680
666,0,S056,09,Top Down,Real,64,19680,19676
667,0,S056,10,Top Down,Imaginary,64,19680,19680
668,0,S056,11,Left Right,Real,64,19680,19680
669,0,S056,12,Left Right,Imaginary,64,19680,19680
670,0,S056,13,Top Down,Real,64,19680,19680
671,0,S056,14,Top Down,Imaginary,64,19680,19680
672,0,S057,03,Left Right,Real,64,20000,19918
673,0,S057,04,Left Right,Imaginary,64,20000,19919
674,0,S057,05,Top Down,Real,64,20000,19919
675,0,S057,06,Top Down,Imaginary,64,20000,19920
676,0,S057,07,Left Right,Real,64,20000,19920
677,0,S057,08,Left Right,Imaginary,64,20000,19920
678,0,S057,09,Top Down,Real,64,20000,19920
679,0,S057,10,Top Down,Imaginary,64,20000,19920
680,0,S057,11,Left Right,Real,64,20000,19920
681,0,S057,12,Left Right,Imaginary,64,20000,19920
682,0,S057,13,Top Down,Real,64,20000,19919
683,0,S057,14,Top Down,Imaginary,64,20000,19920
684,0,S058,03,Left Right,Real,64,19680,19680
685,0,S058,04,Left Right,Imaginary,64,19680,19679
686,0,S058,05,Top Down,Real,64,19680,19680
687,0,S058,06,Top Down,Imaginary,64,19680,19680
688,0,S058,07,Left Right,Real,64,19680,19678
689,0,S058,08,Left Right,Imaginary,64,19680,19680
690,0,S058,09,Top Down,Real,64,19680,19680
691,0,S058,10,Top Down,Imaginary,64,19680,19680
692,0,S058,11,Left Right,Real,64,19680,19678
693,0,S058,12,Left Right,Imaginary,64,19680,19679
694,0,S058,13,Top Down,Real,64,19680,19680
695,0,S058,14,Top Down,Imaginary,64,19680,19680
696,0,S059,03,Left Right,Real,64,19680,19679
697,0,S059,04,Left Right,Imaginary,64,19680,19680
698,0,S059,05,Top Down,Real,64,19680,19680
699,0,S059,06,Top Down,Imaginary,64,19680,19680
700,0,S059,07,Left Right,Real,64,19680,19680
701,0,S059,08,Left Right,Imaginary,64,19680,19680
702,0,S059,09,Top Down,Real,64,19680,19680
703,0,S059,10,Top Down,Imaginary,64,19680,19680
704,0,S059,11,Left Right,Real,64,19680,19679
705,0,S059,12,Left Right,Imaginary,64,19680,19680
706,0,S059,13,Top Down,Real,64,19680,19680
707,0,S059,14,Top Down,Imaginary,64,19680,19680
708,0,S060,03,Left Right,Real,64,19680,19680
709,0,S060,04,Left Right,Imaginary,64,19680,19680
710,0,S060,05,Top Down,Real,64,19680,19680
711,0,S060,06,Top Down,Imaginary,64,19680,19680
712,0,S060,07,Left Right,Real,64,19680,19680
713,0,S060,08,Left Right,Imaginary,64,19680,19680
714,0,S060,09,Top Down,Real,64,19680,19680
715,0,S060,10,Top Down,Imaginary,64,19680,19680
716,0,S060,11,Left Right,Real,64,19680,19680
717,0,S060,12,Left Right,Imaginary,64,19680,19680
718,0,S060,13,Top Down,Real,64,19680,19680
719,0,S060,14,Top Down,Imaginary,64,19680,19680
720,0,S061,03,Left Right,Real,64,20000,19920
721,0,S061,04,Left Right,Imaginary,64,20000,19920
722,0,S061,05,Top Down,Real,64,20000,19920
723,0,S061,06,Top Down,Imaginary,64,20000,19919
724,0,S061,07,Left Right,Real,64,20000,19920
725,0,S061,08,Left Right,Imaginary,64,20000,19920
726,0,S061,09,Top Down,Real,64,20000,19919
727,0,S061,10,Top Down,Imaginary,64,20000,19919
728,0,S061,11,Left Right,Real,64,20000,19920
729,0,S061,12,Left Right,Imaginary,64,20000,19920
730,0,S061,13,Top Down,Real,64,20000,19920
731,0,S061,14,Top Down,Imaginary,64,20000,19920
732,0,S062,03,Left Right,Real,64,19680,19677
733,0,S062,04,Left Right,Imaginary,64,19680,19678
734,0,S062,05,Top Down,Real,64,19680,19677
735,0,S062,06,Top Down,Imaginary,64,19680,19680
736,0,S062,07,Left Right,Real,64,19680,19680
737,0,S062,08,Left Right,Imaginary,64,19680,19680
738,0,S062,09,Top Down,Real,64,19680,19679
739,0,S062,10,Top Down,Imaginary,64,19680,19680
740,0,S062,11,Left Right,Real,64,19680,19680
741,0,S062,12,Left Right,Imaginary,64,19680,19679
742,0,S062,13,Top Down,Real,64,19680,19680
743,0,S062,14,Top Down,Imaginary,64,19680,19680
744,0,S063,03,Left Right,Real,64,19680,19680
745,0,S063,04,Left Right,Imaginary,64,19680,19680
746,0,S063,05,Top Down,Real,64,19680,19680
747,0,S063,06,Top Down,Imaginary,64,19680,19680
748,0,S063,07,Left Right,Real,64,19680,19678
749,0,S063,08,Left Right,Imaginary,64,19680,19680
750,0,S063,09,Top Down,Real,64,19680,19680
751,0,S063,10,Top Down,Imaginary,64,19680,19678
752,0,S063,11,Left Right,Real,64,19680,19679
753,0,S063,12,Left Right,Imaginary,64,19680,19680
754,0,S063,13,Top Down,Real,64,19680,19680
755,0,S063,14,Top Down,Imaginary,64,19680,19680
756,0,S064,03,Left Right,Real,64,19680,19680
757,0,S064,04,Left Right,Imaginary,64,19840,19694
758,0,S064,05,Top Down,Real,64,19680,19680
759,0,S064,06,Top Down,Imaginary,64,19840,19696
760,0,S064,07,Left Right,Real,64,19680,19677
761,0,S064,08,Left Right,Imaginary,64,19840,19694
762,0,S064,09,Top Down,Real,64,19680,19676
763,0,S064,10,Top Down,Imaginary,64,19680,19680
764,0,S064,11,Left Right,Real,64,19680,19678
765,0,S064,12,Left Right,Imaginary,64,19680,19680
766,0,S064,13,Top Down,Real,64,19680,19680
767,0,S064,14,Top Down,Imaginary,64,19680,19679
768,0,S065,03,Left Right,Real,64,20000,19920
769,0,S065,04,Left Right,Imaginary,64,20000,19920
770,0,S065,05,Top Down,Real,64,20000,19920
771,0,S065,06,Top Down,Imaginary,64,20000,19920
772,0,S065,07,Left Right,Real,64,20000,19920
773,0,S065,08,Left Right,Imaginary,64,20000,19920
774,0,S065,09,Top Down,Real,64,20000,19920
775,0,S065,10,Top Down,Imaginary,64,20000,19920
776,0,S065,11,Left Right,Real,64,20000,19920
777,0,S065,12,Left Right,Imaginary,64,20000,19920
778,0,S065,13,Top Down,Real,64,20000,19919
779,0,S065,14,Top Down,Imaginary,64,20000,19920
780,0,S066,03,Left Right,Real,64,20000,19919
781,0,S066,04,Left Right,Imaginary,64,20000,19920
782,0,S066,05,Top Down,Real,64,20000,19920
783,0,S066,06,Top Down,Imaginary,64,20000,19920
784,0,S066,07,Left Right,Real,64,20000,19918
785,0,S066,08,Left Right,Imaginary,64,20000,19920
786,0,S066,09,Top Down,Real,64,20000,19920
787,0,S066,10,Top Down,Imaginary,64,20000,19919
788,0,S066,11,Left Right,Real,64,20000,19919
789,0,S066,12,Left Right,Imaginary,64,20000,19920
790,0,S066,13,Top Down,Real,64,20000,19917
791,0,S066,14,Top Down,Imaginary,64,20000,19920
792,0,S067,03,Left Right,Real,64,19680,19679
793,0,S067,04,Left Right,Imaginary,64,19680,19674
794,0,S067,05,Top Down,Real,64,19680,19676
795,0,S067,06,Top Down,Imaginary,64,19680,19679
796,0,S067,07,Left Right,Real,64,19680,19680
797,0,S067,08,Left Right,Imaginary,64,19680,19679
798,0,S067,09,Top Down,Real,64,19680,19676
799,0,S067,10,Top Down,Imaginary,64,19680,19679
800,0,S067,11,Left Right,Real,64,19680,19666
801,0,S067,12,Left Right,Imaginary,64,19680,19680
802,0,S067,13,Top Down,Real,64,19680,19679
803,0,S067,14,Top Down,Imaginary,64,19680,19673
804,0,S068,03,Left Right,Real,64,19680,19680
805,0,S068,04,Left Right,Imaginary,64,19680,19680
806,0,S068,05,Top Down,Real,64,19680,19680
807,0,S068,06,Top Down,Imaginary,64,19680,19680
808,0,S068,07,Left Right,Real,64,19680,19680
809,0,S068,08,Left Right,Imaginary,64,19680,19680
810,0,S068,09,Top Down,Real,64,19680,19680
811,0,S068,10,Top Down,Imaginary,64,19680,19680
812,0,S068,11,Left Right,Real,64,19680,19680
813,0,S068,12,Left Right,Imaginary,64,19680,19680
814,0,S068,13,Top Down,Real,64,19680,19680
815,0,S068,14,Top Down,Imaginary,64,19680,19680
816,0,S069,03,Left Right,Real,64,19680,19678
817,0,S069,04,Left Right,Imaginary,64,19680,19680
818,0,S069,05,Top Down,Real,64,19680,19680
819,0,S069,06,Top Down,Imaginary,64,19680,19680
820,0,S069,07,Left Right,Real,64,19680,19680
821,0,S069,08,Left Right,Imaginary,64,19680,19680
822,0,S069,09,Top Down,Real,64,19680,19680
823,0,S069,10,Top Down,Imaginary,64,19680,19680
824,0,S069,11,Left Right,Real,64,19680,19680
825,0,S069,12,Left Right,Imaginary,64,19680,19680
826,0,S069,13,Top Down,Real,64,19680,19680
827,0,S069,14,Top Down,Imaginary,64,19680,19680
828,0,S070,03,Left Right,Real,64,19680,19680
829,0,S070,04,Left Right,Imaginary,64,19680,19680
830,0,S070,05,Top Down,Real,64,19680,19680
831,0,S070,06,Top Down,Imaginary,64,19680,19680
832,0,S070,07,Left Right,Real,64,19680,19680
833,0,S070,08,Left Right,Imaginary,64,19680,19680
834,0,S070,09,Top Down,Real,64,19680,19679
835,0,S070,10,Top Down,Imaginary,64,19680,19679
836,0,S070,11,Left Right,Real,64,19680,19680
837,0,S070,12,Left Right,Imaginary,64,19680,19680
838,0,S070,13,Top Down,Real,64,19680,19680
839,0,S070,14,Top Down,Imaginary,64,19680,19679
840,0,S071,03,Left Right,Real,64,20000,19920
841,0,S071,04,Left Right,Imaginary,64,20000,19920
842,0,S071,05,Top Down,Real,64,20000,19920
843,0,S071,06,Top Down,Imaginary,64,20000,19920
844,0,S071,07,Left Right,Real,64,20000,19920
845,0,S071,08,Left Right,Imaginary,64,20000,19919
846,0,S071,09,Top Down,Real,64,20000,19920
847,0,S071,10,Top Down,Imaginary,64,20000,19920
848,0,S071,11,Left Right,Real,64,20000,19920
849,0,S071,12,Left Right,Imaginary,64,20000,19920
850,0,S071,13,Top Down,Real,64,20000,19920
851,0,S071,14,Top Down,Imaginary,64,20000,19920
852,0,S072,03,Left Right,Real,64,19680,19680
853,0,S072,04,Left Right,Imaginary,64,19680,19650
854,0,S072,05,Top Down,Real,64,19680,19680
855,0,S072,06,Top Down,Imaginary,64,19680,19675
856,0,S072,07,Left Right,Real,64,19680,19678
857,0,S072,08,Left Right,Imaginary,64,19680,19680
858,0,S072,09,Top Down,Real,64,19680,19658
859,0,S072,10,Top Down,Imaginary,64,19680,19661
860,0,S072,11,Left Right,Real,64,19680,19668
861,0,S072,12,Left Right,Imaginary,64,19840,19696
862,0,S072,13,Top Down,Real,64,19680,19680
863,0,S072,14,Top Down,Imaginary,64,19680,19657
864,0,S073,03,Left Right,Real,64,19680,19678
865,0,S073,04,Left Right,Imaginary,64,19680,19673
866,0,S073,05,Top Down,Real,64,19680,19678
867,0,S073,06,Top Down,Imaginary,64,19680,19679
868,0,S073,07,Left Right,Real,64,19680,19680
869,0,S073,08,Left Right,Imaginary,64,19680,19679
870,0,S073,09,Top Down,Real,64,19680,19680
871,0,S073,10,Top Down,Imaginary,64,19680,19679
872,0,S073,11,Left Right,Real,64,19680,19666
873,0,S073,12,Left Right,Imaginary,64,19680,19668
874,0,S073,13,Top Down,Real,64,19680,19679
875,0,S073,14,Top Down,Imaginary,64,19680,19679
876,0,S074,03,Left Right,Real,64,19680,19679
877,0,S074,04,Left Right,Imaginary,64,19840,19693
878,0,S074,05,Top Down,Real,64,19680,19676
879,0,S074,06,Top Down,Imaginary,64,19680,19680
880,0,S074,07,Left Right,Real,64,19680,19673
881,0,S074,08,Left Right,Imaginary,64,19680,19658
882,0,S074,09,Top Down,Real,64,19680,19668
883,0,S074,10,Top Down,Imaginary,64,19680,19679
884,0,S074,11,Left Right,Real,64,19680,19676
885,0,S074,12,Left Right,Imaginary,64,19680,19669
886,0,S074,13,Top Down,Real,64,19680,19678
887,0,S074,14,Top Down,Imaginary,64,19680,19660
888,0,S075,03,Left Right,Real,64,19680,19680
889,0,S075,04,Left Right,Imaginary,64,19680,19680
890,0,S075,05,Top Down,Real,64,19680,19678
891,0,S075,06,Top Down,Imaginary,64,19680,19680
892,0,S075,07,Left Right,Real,64,19680,19680
893,0,S075,08,Left Right,Imaginary,64,19680,19680
894,0,S075,09,Top Down,Real,64,19680,19680
895,0,S075,10,Top Down,Imaginary,64,19680,19680
896,0,S075,11,Left Right,Real,64,19680,19680
897,0,S075,12,Left Right,Imaginary,64,19680,19680
898,0,S075,13,Top Down,Real,64,19680,19680
899,0,S075,14,Top Down,Imaginary,64,19680,19680
900,0,S076,03,Left Right,Real,64,19680,19680
901,0,S076,04,Left Right,Imaginary,64,19680,19679
902,0,S076,05,Top Down,Real,64,19680,19671
903,0,S076,06,Top Down,Imaginary,64,19680,19679
904,0,S076,07,Left Right,Real,64,19680,19675
905,0,S076,08,Left Right,Imaginary,64,19680,19675
906,0,S076,09,Top Down,Real,64,19680,19673
907,0,S076,10,Top Down,Imaginary,64,19680,19670
908,0,S076,11,Left Right,Real,64,19680,19675
909,0,S076,12,Left Right,Imaginary,64,19680,19679
910,0,S076,13,Top Down,Real,64,19680,19679
911,0,S076,14,Top Down,Imaginary,64,19680,19678
912,0,S077,03,Left Right,Real,64,19680,19680
913,0,S077,04,Left Right,Imaginary,64,19680,19680
914,0,S077,05,Top Down,Real,64,19680,19680
915,0,S077,06,Top Down,Imaginary,64,19680,19680
916,0,S077,07,Left Right,Real,64,19680,19680
917,0,S077,08,Left Right,Imaginary,64,19680,19680
918,0,S077,09,Top Down,Real,64,19680,19680
919,0,S077,10,Top Down,Imaginary,64,19680,19680
920,0,S077,11,Left Right,Real,64,19680,19680
921,0,S077,12,Left Right,Imaginary,64,19680,19680
922,0,S077,13,Top Down,Real,64,19680,19680
923,0,S077,14,Top Down,Imaginary,64,19680,19680
924,0,S078,03,Left Right,Real,64,19680,19680
925,0,S078,04,Left Right,Imaginary,64,19680,19680
926,0,S078,05,Top Down,Real,64,19680,19680
927,0,S078,06,Top Down,Imaginary,64,19680,19679
928,0,S078,07,Left Right,Real,64,19680,19679
929,0,S078,08,Left Right,Imaginary,64,19680,19680
930,0,S078,09,Top Down,Real,64,19680,19679
931,0,S078,10,Top Down,Imaginary,64,19680,19680
932,0,S078,11,Left Right,Real,64,19680,19680
933,0,S078,12,Left Right,Imaginary,64,19680,19678
934,0,S078,13,Top Down,Real,64,19680,19679
935,0,S078,14,Top Down,Imaginary,64,19680,19679
936,0,S079,03,Left Right,Real,64,20000,19920
937,0,S079,04,Left Right,Imaginary,64,20000,19920
938,0,S079,05,Top Down,Real,64,20000,19920
939,0,S079,06,Top Down,Imaginary,64,20000,19919
940,0,S079,07,Left Right,Real,64,20000,19920
941,0,S079,08,Left Right,Imaginary,64,20000,19920
942,0,S079,09,Top Down,Real,64,20000,19920
943,0,S079,10,Top Down,Imaginary,64,20000,19920
944,0,S079,11,Left Right,Real,64,20000,19920
945,0,S079,12,Left Right,Imaginary,64,20000,19920
946,0,S079,13,Top Down,Real,64,20000,19920
947,0,S079,14,Top Down,Imaginary,64,20000,19919
948,0,S080,03,Left Right,Real,64,19680,19680
949,0,S080,04,Left Right,Imaginary,64,19680,19678
950,0,S080,05,Top Down,Real,64,19680,19680
951,0,S080,06,Top Down,Imaginary,64,19680,19680
952,0,S080,07,Left Right,Real,64,19680,19679
953,0,S080,08,Left Right,Imaginary,64,19680,19680
954,0,S080,09,Top Down,Real,64,19680,19680
955,0,S080,10,Top Down,Imaginary,64,19680,19680
956,0,S080,11,Left Right,Real,64,19680,19680
957,0,S080,12,Left Right,Imaginary,64,19680,19678
958,0,S080,13,Top Down,Real,64,19680,19680
959,0,S080,14,Top Down,Imaginary,64,19680,19678
960,0,S081,03,Left Right,Real,64,19680,19675
961,0,S081,04,Left Right,Imaginary,64,19680,19680
962,0,S081,05,Top Down,Real,64,19680,19679
963,0,S081,06,Top Down,Imaginary,64,19680,19678
964,0,S081,07,Left Right,Real,64,19680,19680
965,0,S081,08,Left Right,Imaginary,64,19680,19680
966,0,S081,09,Top Down,Real,64,19680,19670
967,0,S081,10,Top Down,Imaginary,64,19680,19680
968,0,S081,11,Left Right,Real,64,19680,19669
969,0,S081,12,Left Right,Imaginary,64,19680,19679
970,0,S081,13,Top Down,Real,64,19680,19680
971,0,S081,14,Top Down,Imaginary,64,19680,19680
972,0,S082,03,Left Right,Real,64,19680,19679
973,0,S082,04,Left Right,Imaginary,64,19680,19680
974,0,S082,05,Top Down,Real,64,19680,19679
975,0,S082,06,Top Down,Imaginary,64,19680,19680
976,0,S082,07,Left Right,Real,64,19680,19679
977,0,S082,08,Left Right,Imaginary,64,19680,19680
978,0,S082,09,Top Down,Real,64,19680,19680
979,0,S082,10,Top Down,Imaginary,64,19680,19680
980,0,S082,11,Left Right,Real,64,19680,19680
981,0,S082,12,Left Right,Imaginary,64,19680,19677
982,0,S082,13,Top Down,Real,64,19680,19680
983,0,S082,14,Top Down,Imaginary,64,19680,19680
984,0,S083,03,Left Right,Real,64,20000,19919
985,0,S083,04,Left Right,Imaginary,64,20000,19920
986,0,S083,05,Top Down,Real,64,20000,19920
987,0,S083,06,Top Down,Imaginary,64,20000,19920
988,0,S083,07,Left Right,Real,64,20000,19920
989,0,S083,08,Left Right,Imaginary,64,20000,19920
990,0,S083,09,Top Down,Real,64,20000,19920
991,0,S083,10,Top Down,Imaginary,64,20000,19920
992,0,S083,11,Left Right,Real,64,20000,19920
993,0,S083,12,Left Right,Imaginary,64,20000,19920
994,0,S083,13,Top Down,Real,64,20000,19919
995,0,S083,14,Top Down,Imaginary,64,20000,19920
996,0,S084,03,Left Right,Real,64,19680,19680
997,0,S084,04,Left Right,Imaginary,64,19680,19680
998,0,S084,05,Top Down,Real,64,19680,19679
999,0,S084,06,Top Down,Imaginary,64,19680,19680
1000,0,S084,07,Left Right,Real,64,19680,19680
1001,0,S084,08,Left Right,Imaginary,64,19680,19680
1002,0,S084,09,Top Down,Real,64,19680,19680
1003,0,S084,10,Top Down,Imaginary,64,19680,19680
1004,0,S084,11,Left Right,Real,64,19680,19680
1005,0,S084,12,Left Right,Imaginary,64,19680,19680
1006,0,S084,13,Top Down,Real,64,19680,19680
1007,0,S084,14,Top Down,Imaginary,64,19680,19680
1008,0,S085,03,Left Right,Real,64,19680,19679
1009,0,S085,04,Left Right,Imaginary,64,19680,19680
1010,0,S085,05,Top Down,Real,64,19680,19680
1011,0,S085,06,Top Down,Imaginary,64,19680,19680
1012,0,S085,07,Left Right,Real,64,19680,19680
1013,0,S085,08,Left Right,Imaginary,64,19680,19678
1014,0,S085,09,Top Down,Real,64,19680,19680
1015,0,S085,10,Top Down,Imaginary,64,19680,19680
1016,0,S085,11,Left Right,Real,64,19680,19680
1017,0,S085,12,Left Right,Imaginary,64,19680,19679
1018,0,S085,13,Top Down,Real,64,19680,19678
1019,0,S085,14,Top Down,Imaginary,64,19680,19677
1020,0,S086,03,Left Right,Real,64,20000,19920
1021,0,S086,04,Left Right,Imaginary,64,20000,19919
1022,0,S086,05,Top Down,Real,64,20000,19920
1023,0,S086,06,Top Down,Imaginary,64,20000,19919
1024,0,S086,07,Left Right,Real,64,20000,19919
1025,0,S086,08,Left Right,Imaginary,64,20000,19920
1026,0,S086,09,Top Down,Real,64,20000,19920
1027,0,S086,10,Top Down,Imaginary,64,20000,19920
1028,0,S086,11,Left Right,Real,64,20000,19920
1029,0,S086,12,Left Right,Imaginary,64,20000,19917
1030,0,S086,13,Top Down,Real,64,20000,19919
1031,0,S086,14,Top Down,Imaginary,64,20000,19920
1032,0,S087,03,Left Right,Real,64,19680,19680
1033,0,S087,04,Left Right,Imaginary,64,19680,19680
1034,0,S087,05,Top Down,Real,64,19680,19680
1035,0,S087,06,Top Down,Imaginary,64,19680,19680
1036,0,S087,07,Left Right,Real,64,19680,19680
1037,0,S087,08,Left Right,Imaginary,64,19680,19680
1038,0,S087,09,Top Down,Real,64,19680,19680
1039,0,S087,10,Top Down,Imaginary,64,19680,19680
1040,0,S087,11,Left Right,Real,64,19680,19680
1041,0,S087,12,Left Right,Imaginary,64,19680,19680
1042,0,S087,13,Top Down,Real,64,19680,19677
1043,0,S087,14,Top Down,Imaginary,64,19680,19680
1044,0,S088,03,Left Right,Real,64,15872,15808
1045,0,S088,04,Left Right,Imaginary,64,15872,15808
1046,0,S088,05,Top Down,Real,64,15872,15808
1047,0,S088,06,Top Down,Imaginary,64,15872,15806
1048,0,S088,07,Left Right,Real,64,15872,15808
1049,0,S088,08,Left Right,Imaginary,64,15872,15808
1050,0,S088,09,Top Down,Real,64,15872,15806
1051,0,S088,10,Top Down,Imaginary,64,15872,15808
1052,0,S088,11,Left Right,Real,64,15872,15808
1053,0,S088,12,Left Right,Imaginary,64,15872,15808
1054,0,S088,13,Top Down,Real,64,15872,15806
1055,0,S088,14,Top Down,Imaginary,64,15872,15808
1056,0,S089,03,Left Right,Real,64,28960,28859
1057,0,S089,04,Left Right,Imaginary,64,19680,19671
1058,0,S089,05,Top Down,Real,64,19680,19674
1059,0,S089,06,Top Down,Imaginary,64,19680,19676
1060,0,S089,07,Left Right,Real,64,19680,19628
1061,0,S089,08,Left Right,Imaginary,64,19680,19675
1062,0,S089,09,Top Down,Real,64,19680,19673
1063,0,S089,10,Top Down,Imaginary,64,19680,19656
1064,0,S089,11,Left Right,Real,64,19680,19654
1065,0,S089,12,Left Right,Imaginary,64,19680,19678
1066,0,S089,13,Top Down,Real,64,19680,19675
1067,0,S089,14,Top Down,Imaginary,64,19680,19601
1068,0,S090,03,Left Right,Real,64,19680,19680
1069,0,S090,04,Left Right,Imaginary,64,19680,19680
1070,0,S090,05,Top Down,Real,64,19680,19680
1071,0,S090,06,Top Down,Imaginary,64,19680,19680
1072,0,S090,07,Left Right,Real,64,19680,19680
1073,0,S090,08,Left Right,Imaginary,64,19680,19680
1074,0,S090,09,Top Down,Real,64,19680,19680
1075,0,S090,10,Top Down,Imaginary,64,19680,19680
1076,0,S090,11,Left Right,Real,64,19680,19680
1077,0,S090,12,Left Right,Imaginary,64,19680,19680
1078,0,S090,13,Top Down,Real,64,19680,19680
1079,0,S090,14,Top Down,Imaginary,64,19680,19680
1080,0,S091,03,Left Right,Real,64,19680,19680
1081,0,S091,04,Left Right,Imaginary,64,19680,19680
1082,0,S091,05,Top Down,Real,64,19680,19680
1083,0,S091,06,Top Down,Imaginary,64,19680,19680
1084,0,S091,07,Left Right,Real,64,19680,19680
1085,0,S091,08,Left Right,Imaginary,64,19680,19678
1086,0,S091,09,Top Down,Real,64,19680,19680
1087,0,S091,10,Top Down,Imaginary,64,19680,19680
1088,0,S091,11,Left Right,Real,64,19680,19680
1089,0,S091,12,Left Right,Imaginary,64,19680,19680
1090,0,S091,13,Top Down,Real,64,19680,19679
1091,0,S091,14,Top Down,Imaginary,64,19680,19680
1092,0,S092,03,Left Right,Real,64,15872,15808
1093,0,S092,04,Left Right,Imaginary,64,15872,15808
1094,0,S092,05,Top Down,Real,64,15872,15808
1095,0,S092,06,Top Down,Imaginary,64,15872,15808
1096,0,S092,07,Left Right,Real,64,15872,15808
1097,0,S092,08,Left Right,Imaginary,64,15872,15808
1098,0,S092,09,Top Down,Real,64,15872,15808
1099,0,S092,10,Top Down,Imaginary,64,15872,15808
1100,0,S092,11,Left Right,Real,64,15872,15807
1101,0,S092,12,Left Right,Imaginary,64,15872,15808
1102,0,S092,13,Top Down,Real,64,15872,15806
1103,0,S092,14,Top Down,Imaginary,64,15872,15808
1104,0,S093,03,Left Right,Real,64,19680,19677
1105,0,S093,04,Left Right,Imaginary,64,19680,19680
1106,0,S093,05,Top Down,Real,64,19680,19680
1107,0,S093,06,Top Down,Imaginary,64,19680,19680
1108,0,S093,07,Left Right,Real,64,19680,19680
1109,0,S093,08,Left Right,Imaginary,64,19680,19679
1110,0,S093,09,Top Down,Real,64,19680,19680
1111,0,S093,10,Top Down,Imaginary,64,19680,19680
1112,0,S093,11,Left Right,Real,64,19680,19679
1113,0,S093,12,Left Right,Imaginary,64,19680,19680
1114,0,S093,13,Top Down,Real,64,19680,19679
1115,0,S093,14,Top Down,Imaginary,64,19680,19679
1116,0,S094,03,Left Right,Real,64,19680,19679
1117,0,S094,04,Left Right,Imaginary,64,19680,19679
1118,0,S094,05,Top Down,Real,64,19680,19680
1119,0,S094,06,Top Down,Imaginary,64,19680,19680
1120,0,S094,07,Left Right,Real,64,19680,19680
1121,0,S094,08,Left Right,Imaginary,64,19680,19680
1122,0,S094,09,Top Down,Real,64,19680,19680
1123,0,S094,10,Top Down,Imaginary,64,19680,19680
1124,0,S094,11,Left Right,Real,64,19680,19680
1125,0,S094,12,Left Right,Imaginary,64,19680,19679
1126,0,S094,13,Top Down,Real,64,19680,19680
1127,0,S094,14,Top Down,Imaginary,64,19680,19680
1128,0,S095,03,Left Right,Real,64,20000,19920
1129,0,S095,04,Left Right,Imaginary,64,20000,19920
1130,0,S095,05,Top Down,Real,64,20000,19920
1131,0,S095,06,Top Down,Imaginary,64,20000,19920
1132,0,S095,07,Left Right,Real,64,20000,19920
1133,0,S095,08,Left Right,Imaginary,64,20000,19920
1134,0,S095,09,Top Down,Real,64,20000,19920
1135,0,S095,10,Top Down,Imaginary,64,20000,19920
1136,0,S095,11,Left Right,Real,64,20000,19920
1137,0,S095,12,Left Right,Imaginary,64,20000,19920
1138,0,S095,13,Top Down,Real,64,20000,19920
1139,0,S095,14,Top Down,Imaginary,64,20000,19920
1140,0,S096,03,Left Right,Real,64,20000,19920
1141,0,S096,04,Left Right,Imaginary,64,20000,19920
1142,0,S096,05,Top Down,Real,64,20000,19920
1143,0,S096,06,Top Down,Imaginary,64,20000,19920
1144,0,S096,07,Left Right,Real,64,20000,19920
1145,0,S096,08,Left Right,Imaginary,64,20000,19920
1146,0,S096,09,Top Down,Real,64,20000,19920
1147,0,S096,10,Top Down,Imaginary,64,20000,19920
1148,0,S096,11,Left Right,Real,64,20000,19920
1149,0,S096,12,Left Right,Imaginary,64,20000,19920
1150,0,S096,13,Top Down,Real,64,20000,19920
1151,0,S096,14,Top Down,Imaginary,64,20000,19919
1152,0,S097,03,Left Right,Real,64,19680,19679
1153,0,S097,04,Left Right,Imaginary,64,19680,19680
1154,0,S097,05,Top Down,Real,64,19680,19680
1155,0,S097,06,Top Down,Imaginary,64,19680,19680
1156,0,S097,07,Left Right,Real,64,19680,19680
1157,0,S097,08,Left Right,Imaginary,64,19680,19679
1158,0,S097,09,Top Down,Real,64,19680,19680
1159,0,S097,10,Top Down,Imaginary,64,19680,19680
1160,0,S097,11,Left Right,Real,64,19680,19680
1161,0,S097,12,Left Right,Imaginary,64,19680,19680
1162,0,S097,13,Top Down,Real,64,19680,19676
1163,0,S097,14,Top Down,Imaginary,64,19680,19680
1164,0,S098,03,Left Right,Real,64,19680,19673
1165,0,S098,04,Left Right,Imaginary,64,19680,19675
1166,0,S098,05,Top Down,Real,64,19680,19680
1167,0,S098,06,Top Down,Imaginary,64,19680,19678
1168,0,S098,07,Left Right,Real,64,19680,19668
1169,0,S098,08,Left Right,Imaginary,64,19680,19677
1170,0,S098,09,Top Down,Real,64,19680,19676
1171,0,S098,10,Top Down,Imaginary,64,19680,19676
1172,0,S098,11,Left Right,Real,64,19680,19678
1173,0,S098,12,Left Right,Imaginary,64,19680,19680
1174,0,S098,13,Top Down,Real,64,19680,19676
1175,0,S098,14,Top Down,Imaginary,64,19680,19626
1176,0,S099,03,Left Right,Real,64,19680,19675
1177,0,S099,04,Left Right,Imaginary,64,19680,19680
1178,0,S099,05,Top Down,Real,64,19680,19680
1179,0,S099,06,Top Down,Imaginary,64,19680,19680
1180,0,S099,07,Left Right,Real,64,19680,19680
1181,0,S099,08,Left Right,Imaginary,64,19680,19680
1182,0,S099,09,Top Down,Real,64,19680,19680
1183,0,S099,10,Top Down,Imaginary,64,19680,19680
1184,0,S099,11,Left Right,Real,64,19680,19680
1185,0,S099,12,Left Right,Imaginary,64,19680,19680
1186,0,S099,13,Top Down,Real,64,19680,19680
1187,0,S099,14,Top Down,Imaginary,64,19680,19679
1188,0,S100,03,Left Right,Real,64,15744,15743
1189,0,S100,04,Left Right,Imaginary,64,15744,15744
1190,0,S100,05,Top Down,Real,64,15744,15744
1191,0,S100,06,Top Down,Imaginary,64,15744,15744
1192,0,S100,07,Left Right,Real,64,15744,15744
1193,0,S100,08,Left Right,Imaginary,64,15744,15744
1194,0,S100,09,Top Down,Real,64,15744,15744
1195,0,S100,10,Top Down,Imaginary,64,15744,15744
1196,0,S100,11,Left Right,Real,64,15744,15743
1197,0,S100,12,Left Right,Imaginary,64,15744,15742
1198,0,S100,13,Top Down,Real,64,15744,15743
1199,0,S100,14,Top Down,Imaginary,64,15744,15744
1200,0,S101,03,Left Right,Real,64,20000,19920
1201,0,S101,04,Left Right,Imaginary,64,20000,19920
1202,0,S101,05,Top Down,Real,64,20000,19920
1203,0,S101,06,Top Down,Imaginary,64,20000,19920
1204,0,S101,07,Left Right,Real,64,20000,19919
1205,0,S101,08,Left Right,Imaginary,64,20000,19920
1206,0,S101,09,Top Down,Real,64,20000,19920
1207,0,S101,10,Top Down,Imaginary,64,20000,19920
1208,0,S101,11,Left Right,Real,64,20000,19920
1209,0,S101,12,Left Right,Imaginary,64,20000,19920
1210,0,S101,13,Top Down,Real,64,20000,19919
1211,0,S101,14,Top Down,Imaginary,64,20000,19920
1212,0,S102,03,Left Right,Real,64,19680,19671
1213,0,S102,04,Left Right,Imaginary,64,19680,19679
1214,0,S102,05,Top Down,Real,64,19680,19668
1215,0,S102,06,Top Down,Imaginary,64,19680,19680
1216,0,S102,07,Left Right,Real,64,19680,19668
1217,0,S102,08,Left Right,Imaginary,64,19680,19673
1218,0,S102,09,Top Down,Real,64,19680,19675
1219,0,S102,10,Top Down,Imaginary,64,19680,19679
1220,0,S102,11,Left Right,Real,64,19680,19670
1221,0,S102,12,Left Right,Imaginary,64,19680,19667
1222,0,S102,13,Top Down,Real,64,19680,19679
1223,0,S102,14,Top Down,Imaginary,64,19840,19688
1224,0,S103,03,Left Right,Real,64,20000,19920
1225,0,S103,04,Left Right,Imaginary,64,20000,19920
1226,0,S103,05,Top Down,Real,64,20000,19920
1227,0,S103,06,Top Down,Imaginary,64,20000,19920
1228,0,S103,07,Left Right,Real,64,20000,19920
1229,0,S103,08,Left Right,Imaginary,64,20000,19920
1230,0,S103,09,Top Down,Real,64,20000,19920
1231,0,S103,10,Top Down,Imaginary,64,20000,19920
1232,0,S103,11,Left Right,Real,64,20000,19920
1233,0,S103,12,Left Right,Imaginary,64,20000,19919
1234,0,S103,13,Top Down,Real,64,20000,19920
1235,0,S103,14,Top Down,Imaginary,64,20000,19920
1236,0,S104,03,Left Right,Real,64,19680,19680
1237,0,S104,04,Left Right,Imaginary,64,19680,19680
1238,0,S104,05,Top Down,Real,64,19680,19680
1239,0,S104,06,Top Down,Imaginary,64,19680,19680
1240,0,S104,07,Left Right,Real,64,19680,19680
1241,0,S104,08,Left Right,Imaginary,64,16960,16876
1242,0,S104,09,Top Down,Real,64,19680,19680
1243,0,S104,10,Top Down,Imaginary,64,19680,19680
1244,0,S104,11,Left Right,Real,64,19680,19680
1245,0,S104,12,Left Right,Imaginary,64,19680,19680
1246,0,S104,13,Top Down,Real,64,19680,19680
1247,0,S104,14,Top Down,Imaginary,64,19680,19680
1248,0,S105,03,Left Right,Real,64,19680,19679
1249,0,S105,04,Left Right,Imaginary,64,19680,19678
1250,0,S105,05,Top Down,Real,64,19680,19680
1251,0,S105,06,Top Down,Imaginary,64,19680,19680
1252,0,S105,07,Left Right,Real,64,19680,19678
1253,0,S105,08,Left Right,Imaginary,64,19680,19677
1254,0,S105,09,Top Down,Real,64,19680,19680
1255,0,S105,10,Top Down,Imaginary,64,19680,19680
1256,0,S105,11,Left Right,Real,64,19680,19680
1257,0,S105,12,Left Right,Imaginary,64,19680,19679
1258,0,S105,13,Top Down,Real,64,19680,19678
1259,0,S105,14,Top Down,Imaginary,64,19680,19679
1260,0,S106,03,Left Right,Real,64,20000,19920
1261,0,S106,04,Left Right,Imaginary,64,20000,19920
1262,0,S106,05,Top Down,Real,64,5920,5808
1263,0,S106,06,Top Down,Imaginary,64,20000,19920
1264,0,S106,07,Left Right,Real,64,20000,19920
1265,0,S106,08,Left Right,Imaginary,64,20000,19920
1266,0,S106,09,Top Down,Real,64,20000,19920
1267,0,S106,10,Top Down,Imaginary,64,20000,19919
1268,0,S106,11,Left Right,Real,64,20000,19920
1269,0,S106,12,Left Right,Imaginary,64,20000,19920
1270,0,S106,13,Top Down,Real,64,20000,19920
1271,0,S106,14,Top Down,Imaginary,64,20000,19920
1272,0,S107,03,Left Right,Real,64,20000,19920
1273,0,S107,04,Left Right,Imaginary,64,20000,19920
1274,0,S107,05,Top Down,Real,64,20000,19920
1275,0,S107,06,Top Down,Imaginary,64,20000,19920
1276,0,S107,07,Left Right,Real,64,20000,19920
1277,0,S107,08,Left Right,Imaginary,64,20000,19920
1278,0,S107,09,Top Down,Real,64,20000,19920
1279,0,S107,10,Top Down,Imaginary,64,20000,19919
1280,0,S107,11,Left Right,Real,64,20000,19920
1281,0,S107,12,Left Right,Imaginary,64,20000,19920
1282,0,S107,13,Top Down,Real,64,20000,19919
1283,0,S107,14,Top Down,Imaginary,64,20000,19920
1284,0,S108,03,Left Right,Real,64,19680,19680
1285,0,S108,04,Left Right,Imaginary,64,19680,19680
1286,0,S108,05,Top Down,Real,64,19680,19680
1287,0,S108,06,Top Down,Imaginary,64,19680,19680
1288,0,S108,07,Left Right,Real,64,19680,19680
1289,0,S108,08,Left Right,Imaginary,64,19680,19680
1290,0,S108,09,Top Down,Real,64,19680,19680
1291,0,S108,10,Top Down,Imaginary,64,19680,19679
1292,0,S108,11,Left Right,Real,64,19680,19680
1293,0,S108,12,Left Right,Imaginary,64,19680,19679
1294,0,S108,13,Top Down,Real,64,19680,19678
1295,0,S108,14,Top Down,Imaginary,64,19680,19680
1296,0,S109,03,Left Right,Real,64,19680,19680
1297,0,S109,04,Left Right,Imaginary,64,19680,19680
1298,0,S109,05,Top Down,Real,64,19680,19680
1299,0,S109,06,Top Down,Imaginary,64,19680,19680
1300,0,S109,07,Left Right,Real,64,19680,19680
1301,0,S109,08,Left Right,Imaginary,64,19680,19680
1302,0,S109,09,Top Down,Real,64,19680,19680
1303,0,S109,10,Top Down,Imaginary,64,19680,19679
1304,0,S109,11,Left Right,Real,64,19680,19680
1305,0,S109,12,Left Right,Imaginary,64,19680,19679
1306,0,S109,13,Top Down,Real,64,19680,19680
1307,0,S109,14,Top Down,Imaginary,64,19680,19680
